[
  {
    "id": "576484",
    "time1": [
      "[160] serasaentrosapvp",
      "[0] ILoveLizMacedo",
      "[135] drogaly",
      "[210] SegredoDoLuxo"
    ],
    "time2": [
      "[70] njnq",
      "[490] KingRobinho",
      "[45] rocktzw",
      "[265] reaach"
    ],
    "pontosTime1": 1,
    "pontosTime2": 0,
    "data": "2025-04-12T20:40:43.105Z"
  },
  {
    "id": "959266",
    "time1": [
      "[0] _zuxt",
      "[45] safecurity",
      "[205] serasaentrosapvp",
      "[105] mwlv"
    ],
    "time2": [
      "[200] drogaly",
      "[180] pecaos__",
      "[45] knrv",
      "[235] reaach"
    ],
    "pontosTime1": 0,
    "pontosTime2": 1,
    "data": "2025-04-13T15:53:45.953Z"
  },
  {
    "id": "597618",
    "time1": [
      "[45] knrv",
      "[205] serasaentrosapvp",
      "[180] pecaos__",
      "[105] mwlv"
    ],
    "time2": [
      "[200] drogaly",
      "[35] myblood7",
      "[0] _zuxt",
      "[235] reaach"
    ],
    "pontosTime1": 1,
    "pontosTime2": 0,
    "data": "2025-04-13T16:01:12.994Z"
  },
  {
    "id": "248780",
    "time1": [
      "[265] p2rj",
      "[385] pecaos",
      "[375] bad",
      "[0] _zuxt"
    ],
    "time2": [
      "[90] knrv",
      "[290] drogaly",
      "[190] velhinhas",
      "[325] reaach"
    ],
    "pontosTime1": 0,
    "pontosTime2": 1,
    "data": "2025-04-13T16:19:29.346Z"
  },
  {
    "id": "183168",
    "time1": [
      "[190] velhinhas",
      "[0] _zuxt",
      "[295] reaach",
      "[385] pecaos"
    ],
    "time2": [
      "[375] bad",
      "[180] knrv",
      "[165] mwlv",
      "[5] myblood7"
    ],
    "pontosTime1": 1,
    "pontosTime2": 0,
    "data": "2025-04-13T16:28:36.896Z"
  },
  {
    "id": "981470",
    "time1": [
      "[0] myblood7",
      "[415] velhinhas",
      "[520] pecaos",
      "[90] _______trash"
    ],
    "time2": [
      "[15] safecurity",
      "[350] drogaly",
      "[315] autodidata",
      "[240] knrv"
    ],
    "pontosTime1": 1,
    "pontosTime2": 0,
    "data": "2025-04-13T16:42:55.925Z"
  },
  {
    "id": "981470",
    "time1": [
      "[0] myblood7",
      "[415] velhinhas",
      "[520] pecaos",
      "[90] _______trash"
    ],
    "time2": [
      "[15] safecurity",
      "[350] drogaly",
      "[315] autodidata",
      "[240] knrv"
    ],
    "pontosTime1": 1,
    "pontosTime2": 0,
    "data": "2025-04-13T16:43:01.440Z"
  },
  {
    "id": "580566",
    "time1": [
      "[520] pecaos",
      "[0] myblood7",
      "[90] _zuxt",
      "[415] velhinhas"
    ],
    "time2": [
      "[0] wannastilboy",
      "[0] junit0",
      "[0] panelinhas",
      "[315] autodidata"
    ],
    "pontosTime1": 1,
    "pontosTime2": 0,
    "data": "2025-04-13T16:58:55.580Z"
  },
  {
    "id": "467380",
    "time1": [
      "[505] velhinhas",
      "[0] safecurity",
      "[180] _zuxt",
      "[285] autodidata"
    ],
    "time2": [
      "[90] myblood7",
      "[0] junit0",
      "[0] panelinhas",
      "[0] wannastilboy"
    ],
    "pontosTime1": 0,
    "pontosTime2": 1,
    "data": "2025-04-13T17:04:25.363Z"
  },
  {
    "id": "974464",
    "time1": [
      "[0] safecurity",
      "[0] hezequel",
      "[90] thaleBW",
      "[0] skynothe"
    ],
    "time2": [
      "[0] zonaNortecity",
      "[235] isqc_bot",
      "[210] knrv",
      "[255] SegredoDoLuxo"
    ],
    "pontosTime1": 0,
    "pontosTime2": 1,
    "data": "2025-04-13T18:23:55.935Z"
  },
  {
    "id": "114748",
    "time1": [
      "[0] Rocktzw",
      "[30] wannastilboy",
      "[410] opniao",
      "[585] reaach"
    ],
    "time2": [
      "[10] crimeconstante",
      "[0] lxdrake",
      "[0] Justcallmylove",
      "[655] velhinhas"
    ],
    "pontosTime1": 0,
    "pontosTime2": 1,
    "data": "2025-04-16T17:05:32.662Z"
  },
  {
    "id": "324885",
    "time1": [
      "[45] chelseaismylife",
      "[745] velhinhas",
      "[555] [-30] rea4ch",
      "[480] fuzuq"
    ],
    "time2": [
      "[0] 10minits",
      "[45] crimeconstante",
      "[45] pedroset",
      "[55] wannastilboy"
    ],
    "pontosTime1": 0,
    "pontosTime2": 1,
    "data": "2025-04-16T17:26:46.561Z"
  },
  {
    "id": "201178",
    "time1": [
      "[0] wannaseecry",
      "[180] Justcallmylove",
      "[0] recriar",
      "[270] myblood7"
    ],
    "time2": [
      "[45] GANGMEMBER2K17",
      "[0] safecurity",
      "[90] 10minits",
      "[0] mh0836"
    ],
    "pontosTime1": 0,
    "pontosTime2": 1,
    "data": "2025-04-17T15:51:08.789Z"
  },
  {
    "id": "938335",
    "time1": [
      "[0] quemestaaqui",
      "[180] safecurity",
      "[340] 10minits",
      "[60] VHZX"
    ],
    "time2": [
      "[240] Justcallmylove",
      "[210] crimesensacional",
      "[725] pecaos",
      "[90] recriar"
    ],
    "pontosTime1": 0,
    "pontosTime2": 1,
    "data": "2025-04-17T16:23:08.718Z"
  },
  {
    "id": "930009",
    "time1": [
      "[0] 85years",
      "[330] 10minits",
      "[0] Rocktzw",
      "[0] significante"
    ],
    "time2": [
      "[285] Justcallmylove",
      "[150] safecurity",
      "[180] afake21",
      "[0] MaquinaNebulosa"
    ],
    "pontosTime1": 0,
    "pontosTime2": 1,
    "data": "2025-04-17T19:32:33.073Z"
  },
  {
    "id": "537030",
    "time1": [
      "[0] significante",
      "[90] MaquinaNebulosa",
      "[0] GANGMEMBER2K17",
      "[315] tupaccshakur."
    ],
    "time2": [
      "[0] Rocktzw",
      "[375] Justcallmylove",
      "[0] Evanescente",
      "[0] autodidata"
    ],
    "pontosTime1": 1,
    "pontosTime2": 0,
    "data": "2025-04-17T19:42:30.470Z"
  },
  {
    "id": "944853",
    "time1": [
      "[395] Justcallmylove",
      "[315] autodidata",
      "[0] significante",
      "[0] Rocktzw"
    ],
    "time2": [
      "[105] GANGMEMBER2K17",
      "[90] MaquinaNebulosa",
      "[0] Evanescente",
      "[0] demonofsexy"
    ],
    "pontosTime1": 0,
    "pontosTime2": 1,
    "data": "2025-04-17T19:58:27.195Z"
  },
  {
    "id": "739519",
    "time1": [
      "[0] holdmystrafe",
      "[525] Reaach",
      "[0] SerasaEntrosaPvP",
      "[395] GANGMEMBER2K17"
    ],
    "time2": [
      "[270] afake21",
      "[410] drogaly",
      "[300] 10minits",
      "[345] ekuator"
    ],
    "pontosTime1": 0,
    "pontosTime2": 1,
    "data": "2025-04-17T22:07:13.761Z"
  },
  {
    "id": "908032",
    "time1": [
      "[520] drogaly",
      "[495] Reaach",
      "[490] knrv",
      "[435] ekuator"
    ],
    "time2": [
      "[500] opniao",
      "[0] holdmystrafe",
      "[0] gordelaspanceta",
      "[0] SerasaEntrosaPvP"
    ],
    "pontosTime1": 1,
    "pontosTime2": 0,
    "data": "2025-04-17T23:01:47.638Z"
  },
  {
    "id": "683188",
    "time1": [
      "[500] opniao",
      "[495] Reaach",
      "[435] ekuator",
      "[0] apolloxtzv4"
    ],
    "time2": [
      "[0] holdmystrafe",
      "[490] knrv",
      "[325] SerasaEntrosaPvP",
      "[520] drogaly"
    ],
    "pontosTime1": 1,
    "pontosTime2": 0,
    "data": "2025-04-17T23:12:09.348Z"
  },
  {
    "id": "160725",
    "time1": [
      "[570] knrv",
      "[265] SerasaEntrosaPvP",
      "[0] holdmystrafe",
      "[615] ekuator"
    ],
    "time2": [
      "[0] gordelaspanceta",
      "[90] rocktzw",
      "[365] GANGMEMBER2K17",
      "[560] opniao"
    ],
    "pontosTime1": 1,
    "pontosTime2": 0,
    "data": "2025-04-17T23:34:03.791Z"
  },
  {
    "id": "926171",
    "time1": [
      "[500] demonofsexy",
      "[60] Evanescente",
      "[715] velhinhas",
      "[0] Haritsu"
    ],
    "time2": [
      "[240] safecurity",
      "[380] Justcallmylove",
      "[335] GANGMEMBER2K17",
      "[300] knrv"
    ],
    "pontosTime1": 0,
    "pontosTime2": 1,
    "data": "2025-04-18T18:38:22.381Z"
  },
  {
    "id": "235326",
    "time1": [
      "[560] Justcallmylove",
      "[775] velhinhas",
      "[0] Evanescente",
      "[0] Haritsu"
    ],
    "time2": [
      "[330] MaquinaNebulosa",
      "[395] GANGMEMBER2K17",
      "[615] demonofsexy",
      "[505] 7knr"
    ],
    "pontosTime1": 1,
    "pontosTime2": 0,
    "data": "2025-04-18T18:59:38.909Z"
  },
  {
    "id": "756486",
    "time1": [
      "[560] Justcallmylove",
      "[300] safecurity",
      "[330] MaquinaNebulosa",
      "[615] demonofsexy"
    ],
    "time2": [
      "[505] 7knr",
      "[395] GANGMEMBER2K17",
      "[0] Evanescente",
      "[775] velhinhas"
    ],
    "pontosTime1": 0,
    "pontosTime2": 1,
    "data": "2025-04-18T19:43:10.301Z"
  },
  {
    "id": "235378",
    "time1": [
      "[240] _zuxt",
      "[0] soumtbaixinhakk",
      "[270] safecurity",
      "[455] GANGMEMBER2K17"
    ],
    "time2": [
      "[955] velhinhas",
      "[115] rocktzw",
      "[390] 10minits",
      "[0] gordao <3"
    ],
    "pontosTime1": 0,
    "pontosTime2": 1,
    "data": "2025-04-19T15:31:27.388Z"
  },
  {
    "id": "696050",
    "time1": [
      "[0] AY4",
      "[680] knrv",
      "[210] _zuxt",
      "[205] rocktzw"
    ],
    "time2": [
      "[90] huntingmysoul | gordao",
      "[1060] velhinhas",
      "[425] GANGMEMBER2K17",
      "[0] soumtbaixinhakk"
    ],
    "pontosTime1": 0,
    "pontosTime2": 1,
    "data": "2025-04-19T15:57:07.755Z"
  },
  {
    "id": "156958",
    "time1": [
      "[210] _zuxt",
      "[180] toslide",
      "[0] soumtbaixinhakk",
      "[0] wwiwwiwwiww"
    ],
    "time2": [
      "[680] knrv",
      "[205] rocktzw",
      "[425] GANGMEMBER2K17",
      "[0] AY4"
    ],
    "pontosTime1": 1,
    "pontosTime2": 1,
    "data": "2025-04-19T16:08:24.269Z"
  },
  {
    "id": "156958",
    "time1": [
      "[210] _zuxt",
      "[180] toslide",
      "[0] soumtbaixinhakk",
      "[0] wwiwwiwwiww"
    ],
    "time2": [
      "[680] knrv",
      "[205] rocktzw",
      "[425] GANGMEMBER2K17",
      "[0] AY4"
    ],
    "pontosTime1": 0,
    "pontosTime2": 1,
    "data": "2025-04-19T16:08:57.619Z"
  },
  {
    "id": "747180",
    "time1": [
      "[0] Emanoella",
      "[0] hezequel",
      "[740] knrv",
      "[620] Justcallmylove"
    ],
    "time2": [
      "[380] SerasaEntrosaPvP",
      "[0] 1e50",
      "[265] rocktzw",
      "[705] ekuator"
    ],
    "pontosTime1": 1,
    "pontosTime2": 0,
    "data": "2025-04-19T23:03:51.692Z"
  },
  {
    "id": "346653",
    "time1": [
      "[265] rocktzw",
      "[565] 7knr",
      "[0] hezequel",
      "[150] toslide"
    ],
    "time2": [
      "[90] holdmystrafe",
      "[0] wwiwwiwwiww",
      "[530] Emanoella",
      "[60] badbangg"
    ],
    "pontosTime1": 1,
    "pontosTime2": 0,
    "data": "2025-04-19T23:07:24.579Z"
  },
  {
    "id": "568999",
    "time1": [
      "[530] Emanoella",
      "[0] soumtbaixinhakk",
      "[0] wwiwwiwwiww",
      "[565] 7knr"
    ],
    "time2": [
      "[90] holdmystrafe",
      "[0] hezequel",
      "[150] toslide",
      "[265] rocktzw"
    ],
    "pontosTime1": 1,
    "pontosTime2": 0,
    "data": "2025-04-19T23:26:17.840Z"
  },
  {
    "id": "779169",
    "time1": [
      "[240] safecurity",
      "[655] 7knr",
      "[675] Reaach",
      "[580] drogaly"
    ],
    "time2": [
      "[90] AY4",
      "[350] SerasaEntrosaPvP",
      "[935] knrv",
      "[0] zenits_massa"
    ],
    "pontosTime1": 1,
    "pontosTime2": 0,
    "data": "2025-04-21T21:16:23.205Z"
  },
  {
    "id": "779169",
    "time1": [
      "[240] safecurity",
      "[655] 7knr",
      "[675] Reaach",
      "[580] drogaly"
    ],
    "time2": [
      "[90] AY4",
      "[350] SerasaEntrosaPvP",
      "[935] knrv",
      "[0] zenits_massa"
    ],
    "pontosTime1": 1,
    "pontosTime2": 0,
    "data": "2025-04-21T21:16:56.400Z"
  },
  {
    "id": "226303",
    "time1": [
      "[935] knrv",
      "[655] 7knr",
      "[350] SerasaEntrosaPvP",
      "[90] AY4"
    ],
    "time2": [
      "[0] zenits_massa",
      "[675] Reaach",
      "[240] safecurity",
      "[580] drogaly"
    ],
    "pontosTime1": 1,
    "pontosTime2": 0,
    "data": "2025-04-21T21:24:35.225Z"
  },
  {
    "id": "226303",
    "time1": [
      "[935] knrv",
      "[655] 7knr",
      "[350] SerasaEntrosaPvP",
      "[90] AY4"
    ],
    "time2": [
      "[0] zenits_massa",
      "[675] Reaach",
      "[240] safecurity",
      "[580] drogaly"
    ],
    "pontosTime1": 1,
    "pontosTime2": 0,
    "data": "2025-04-21T21:27:09.524Z"
  },
  {
    "id": "296038",
    "time1": [
      "[320] rocktzw",
      "[625] drogaly",
      "[540] SerasaEntrosaPvP",
      "[210] toslide"
    ],
    "time2": [
      "[360] afake21",
      "[760] Emanoella",
      "[255] hezequel",
      "[45] faturar"
    ],
    "pontosTime1": 1,
    "pontosTime2": 0,
    "data": "2025-04-22T19:48:02.531Z"
  },
  {
    "id": "869150",
    "time1": [
      "[0] demonofsexy",
      "[45] Evanescente",
      "[0] jqao",
      "[0] velhinhas"
    ],
    "time2": [
      "[45] _pexis",
      "[0] hq45",
      "[45] Justcallmylove",
      "[0] ajaxnzz"
    ],
    "pontosTime1": 1,
    "pontosTime2": 0,
    "data": "2025-04-27T16:38:35.788Z"
  },
  {
    "id": "347889",
    "time1": [
      "[0] chxatyprime",
      "[0] 65k4",
      "[45] demonofsexy",
      "[45] safecurity"
    ],
    "time2": [
      "[0] recriar",
      "[0] ClayCraftzinn",
      "[0] huntingmysoul",
      "[0] _zuxt"
    ],
    "pontosTime1": 1,
    "pontosTime2": 0,
    "data": "2025-04-28T17:41:54.308Z"
  },
  {
    "id": "089855",
    "time1": [
      "[0] chxatyprime",
      "[0] huntingmysoul",
      "[0] 65k4",
      "[0] 100v1"
    ],
    "time2": [
      "[0] _zuxt",
      "[0] recriar",
      "[45] demonofsexy",
      "[45] safecurity"
    ],
    "pontosTime1": 1,
    "pontosTime2": 0,
    "data": "2025-04-28T18:22:09.232Z"
  },
  {
    "id": "878354",
    "time1": [
      "[0] _zuxt",
      "[90] huntingmysoul",
      "[0] bristez",
      "[150] 65k4"
    ],
    "time2": [
      "[0] recriar",
      "[90] chxatyprime",
      "[60] demonofsexy",
      "[0] 666MATHEUSVIN13"
    ],
    "pontosTime1": 1,
    "pontosTime2": 0,
    "data": "2025-04-28T18:42:55.721Z"
  },
  {
    "id": "750866",
    "time1": [
      "[0] _zuxt",
      "[90] chxatyprime",
      "[90] huntingmysoul",
      "[45] 100v1"
    ],
    "time2": [
      "[0] abalay",
      "[150] 65k4",
      "[0] 666MATHEUSVIN13",
      "[0] bristez"
    ],
    "pontosTime1": 0,
    "pontosTime2": 1,
    "data": "2025-04-28T18:54:17.946Z"
  },
  {
    "id": "480326",
    "time1": [
      "[45] ChicoChapeleiro",
      "[60] chxatyprime",
      "[45] 100v1",
      "[25] 666MATHEUSVIN13"
    ],
    "time2": [
      "[195] 65k4",
      "[30] demonofsexy",
      "[135] huntingmysoul",
      "[0] abalay"
    ],
    "pontosTime1": 1,
    "pontosTime2": 0,
    "data": "2025-04-28T19:26:50.407Z"
  },
  {
    "id": "608142",
    "time1": [
      "[105] Evanescente",
      "[140] amlincestuoso",
      "[0] demonofsexy",
      "[0] safecurity"
    ],
    "time2": [
      "[15] pedrobigchilling",
      "[185] 666MATHEUSVIN13",
      "[210] 65k4",
      "[0] defaaybjaawg"
    ],
    "pontosTime1": 0,
    "pontosTime2": 1,
    "data": "2025-04-30T00:16:56.112Z"
  },
  {
    "id": "955587",
    "time1": [
      "[60] 100v1",
      "[0] PenarLonga",
      "[75] chxatyprime",
      "[0] recriar"
    ],
    "time2": [
      "[0] demonofsexy",
      "[75] Evanescente",
      "[0] aventurar",
      "[0] iLiter"
    ],
    "pontosTime1": 0,
    "pontosTime2": 1,
    "data": "2025-05-01T01:23:33.987Z"
  },
  {
    "id": "594707",
    "time1": [
      "[25] iLiter",
      "[100] GANGMEMBER2K17",
      "[0] dxstroyed",
      "[0] hersouls"
    ],
    "time2": [
      "[120] Evanescente",
      "[120] chxatyprime",
      "[0] aventurar",
      "[0] PenarLonga"
    ],
    "pontosTime1": 1,
    "pontosTime2": 0,
    "data": "2025-05-01T01:39:22.439Z"
  },
  {
    "id": "215764",
    "time1": [
      "[15] aventurar",
      "[45] ajaxnzz",
      "[100] anxietygirls",
      "[0] usuariodenight"
    ],
    "time2": [
      "[0] bailedefavelaa",
      "[0] PenarLonga",
      "[275] 666MATHEUSVIN13",
      "[60] chxatyprime"
    ],
    "pontosTime1": 1,
    "pontosTime2": 0,
    "data": "2025-05-01T16:32:45.507Z"
  },
  {
    "id": "757059",
    "time1": [
      "[315] 666MATHEUSVIN13",
      "[70] 666ABNT",
      "[0] safecurity",
      "[45] usuariodenight"
    ],
    "time2": [
      "[255] Evanescente",
      "[15] bailedefavelaa",
      "[135] ajaxnzz",
      "[0] MaquinaNebulosa"
    ],
    "pontosTime1": 1,
    "pontosTime2": 0,
    "data": "2025-05-01T16:52:41.927Z"
  },
  {
    "id": "390636",
    "time1": [
      "[105] ajaxnzz",
      "[15] crlthedemon",
      "[15] usuariodenight",
      "[115] chxatyprime"
    ],
    "time2": [
      "[45] safecurity",
      "[315] 666MATHEUSVIN13",
      "[0] MaquinaNebulosa",
      "[70] 666ABNT"
    ],
    "pontosTime1": 0,
    "pontosTime2": 1,
    "data": "2025-05-01T17:10:38.055Z"
  },
  {
    "id": "487214",
    "time1": [
      "[0] _pex",
      "[75] ajaxnzz",
      "[360] 666MATHEUSVIN13",
      "[140] 666ABNT"
    ],
    "time2": [
      "[115] chxatyprime",
      "[0] cupidoque",
      "[15] crlthedemon",
      "[0] MaquinaNebulosa"
    ],
    "pontosTime1": 1,
    "pontosTime2": 0,
    "data": "2025-05-01T17:29:15.936Z"
  },
  {
    "id": "562285",
    "time1": [
      "[145] ajaxnzz",
      "[0] cupidoque",
      "[0] provincias",
      "[165] 666ABNT"
    ],
    "time2": [
      "[60] safecurity",
      "[145] GANGMEMBER2K17",
      "[0] MaquinaNebulosa",
      "[225] Evanescente"
    ],
    "pontosTime1": 1,
    "pontosTime2": 0,
    "data": "2025-05-01T17:41:54.612Z"
  },
  {
    "id": "067230",
    "time1": [
      "[95] provincias",
      "[30] safecurity",
      "[280] ajaxnzz",
      "[85] GANGMEMBER2K17"
    ],
    "time2": [
      "[0] lentando",
      "[0] Lariih",
      "[110] amlincestuoso",
      "[45] Fdlsss"
    ],
    "pontosTime1": 1,
    "pontosTime2": 0,
    "data": "2025-05-01T18:24:27.786Z"
  },
  {
    "id": "845611",
    "time1": [
      "[0] autodidata",
      "[280] ajaxnzz",
      "[0] fallhiting",
      "[95] provincias"
    ],
    "time2": [
      "[0] chwcheu",
      "[85] GANGMEMBER2K17",
      "[45] Fdlsss",
      "[0] constpretty"
    ],
    "pontosTime1": 1,
    "pontosTime2": 0,
    "data": "2025-05-01T18:35:05.051Z"
  },
  {
    "id": "158096",
    "time1": [
      "[235] MaquinaNebulosa",
      "[470] ajaxApertaW",
      "[505] KingRobinho",
      "[45] kyvzo"
    ],
    "time2": [
      "[0] PenarLonga",
      "[0] phoonsy",
      "[130] chxatyprime",
      "[90] facingmyfeelings"
    ],
    "pontosTime1": 1,
    "pontosTime2": 0,
    "data": "2025-05-03T18:03:31.984Z"
  },
  {
    "id": "348359",
    "time1": [
      "[45] kyvzo",
      "[250] GANGMEMBER2K17",
      "[0] phoonsy",
      "[380] confusedgirls"
    ],
    "time2": [
      "[505] AmiltonPvP",
      "[55] safecurity",
      "[0] lyqro",
      "[470] ajaxApertaW"
    ],
    "pontosTime1": 1,
    "pontosTime2": 0,
    "data": "2025-05-03T18:04:17.670Z"
  },
  {
    "id": "348359",
    "time1": [
      "[45] kyvzo",
      "[250] GANGMEMBER2K17",
      "[0] phoonsy",
      "[380] confusedgirls"
    ],
    "time2": [
      "[505] AmiltonPvP",
      "[55] safecurity",
      "[0] lyqro",
      "[470] ajaxApertaW"
    ],
    "pontosTime1": 0,
    "pontosTime2": 1,
    "data": "2025-05-03T18:19:29.890Z"
  },
  {
    "id": "143778",
    "time1": [
      "[100] chxatyprime",
      "[0] 2S2S2S2",
      "[60] olhosmarcantes",
      "[475] ajaxnzz"
    ],
    "time2": [
      "[55] safecurity",
      "[315] MaquinaNebulosa",
      "[0] PenarLonga",
      "[570] AmiltonPvP"
    ],
    "pontosTime1": 1,
    "pontosTime2": 0,
    "data": "2025-05-03T18:30:46.417Z"
  },
  {
    "id": "003889",
    "time1": [
      "[75] 100v1",
      "[100] safecurity",
      "[15] kyvzo",
      "[60] facingmyfeelings"
    ],
    "time2": [
      "[330] Evanescente",
      "[630] AmiltonPvP",
      "[230] GANGMEMBER2K17",
      "[0] lyqro"
    ],
    "pontosTime1": 0,
    "pontosTime2": 1,
    "data": "2025-05-03T18:42:41.469Z"
  },
  {
    "id": "203279",
    "time1": [
      "[320] GANGMEMBER2K17",
      "[535] ajaxApertaW",
      "[135] 2S2S2S2",
      "[0] phoonsy"
    ],
    "time2": [
      "[45] lyqro",
      "[145] chxatyprime",
      "[510] 666MATHEUSVIN13",
      "[0] K4K4K4K4K4K4"
    ],
    "pontosTime1": 1,
    "pontosTime2": 0,
    "data": "2025-05-03T19:20:48.047Z"
  },
  {
    "id": "756077",
    "time1": [
      "[5] kyvzo",
      "[365] GANGMEMBER2K17",
      "[100] safecurity",
      "[690] AmiltonPvP"
    ],
    "time2": [
      "[15] lyqro",
      "[365] anxietygirls",
      "[400] 666MATHEUSVIN13",
      "[45] recriar"
    ],
    "pontosTime1": 1,
    "pontosTime2": 0,
    "data": "2025-05-03T19:42:44.180Z"
  },
  {
    "id": "880615",
    "time1": [
      "[145] safecurity",
      "[795] AmiltonPvP",
      "[15] lyqro",
      "[440] 666MATHEUSVIN13"
    ],
    "time2": [
      "[380] GANGMEMBER2K17",
      "[425] anxietygirls",
      "[95] kyvzo",
      "[15] recriar"
    ],
    "pontosTime1": 1,
    "pontosTime2": 0,
    "data": "2025-05-03T19:57:20.824Z"
  },
  {
    "id": "212226",
    "time1": [
      "[145] safecurity",
      "[425] anxietygirls",
      "[0] lyqro",
      "[795] AmiltonPvP"
    ],
    "time2": [
      "[95] kyvzo",
      "[15] recriar",
      "[440] 666MATHEUSVIN13",
      "[380] GANGMEMBER2K17"
    ],
    "pontosTime1": 1,
    "pontosTime2": 0,
    "data": "2025-05-03T20:06:26.325Z"
  },
  {
    "id": "847495",
    "time1": [
      "[395] anxietygirls",
      "[420] Evanescente",
      "[0] VHZX",
      "[70] lyqro"
    ],
    "time2": [
      "[505] 666MATHEUSVIN13",
      "[0] recriar",
      "[840] AmiltonPvP",
      "[350] GANGMEMBER2K17"
    ],
    "pontosTime1": 0,
    "pontosTime2": 1,
    "data": "2025-05-03T20:14:30.279Z"
  },
  {
    "id": "822442",
    "time1": [
      "[95] kyvzo",
      "[205] iLiter",
      "[425] GANGMEMBER2K17",
      "[870] AmiltonPvP"
    ],
    "time2": [
      "[45] uano",
      "[25] lyqro",
      "[545] 666MATHEUSVIN13",
      "[130] aoq"
    ],
    "pontosTime1": 0,
    "pontosTime2": 1,
    "data": "2025-05-03T21:11:57.701Z"
  },
  {
    "id": "531346",
    "time1": [
      "[870] AmiltonPvP",
      "[200] sxpace",
      "[130] uano",
      "[545] 666MATHEUSVIN13"
    ],
    "time2": [
      "[50] lyqro",
      "[205] iLiter",
      "[120] kyvzo",
      "[130] aoq"
    ],
    "pontosTime1": 1,
    "pontosTime2": 0,
    "data": "2025-05-03T21:24:45.767Z"
  },
  {
    "id": "959892",
    "time1": [
      "[580] 666MATHEUSVIN13",
      "[95] lyqro",
      "[90] kyvzo",
      "[200] sxpace"
    ],
    "time2": [
      "[870] AmiltonPvP",
      "[200] uano",
      "[410] anxietygirls",
      "[45] aoq"
    ],
    "pontosTime1": 0,
    "pontosTime2": 1,
    "data": "2025-05-03T21:30:36.656Z"
  },
  {
    "id": "802530",
    "time1": [
      "[970] AmiltonPvP",
      "[290] uano",
      "[90] zmfzl",
      "[625] 666MATHEUSVIN13"
    ],
    "time2": [
      "[285] MaquinaNebulosa",
      "[475] anxietygirls",
      "[435] Evanescente",
      "[15] depressedgirls"
    ],
    "pontosTime1": 1,
    "pontosTime2": 0,
    "data": "2025-05-03T22:46:49.123Z"
  },
  {
    "id": "165589",
    "time1": [
      "[435] Evanescente",
      "[285] MaquinaNebulosa",
      "[90] zmfzl",
      "[290] uano"
    ],
    "time2": [
      "[625] 666MATHEUSVIN13",
      "[15] depressedgirls",
      "[970] AmiltonPvP",
      "[475] anxietygirls"
    ],
    "pontosTime1": 1,
    "pontosTime2": 0,
    "data": "2025-05-03T22:47:19.221Z"
  },
  {
    "id": "802530",
    "time1": [
      "[970] AmiltonPvP",
      "[290] uano",
      "[90] zmfzl",
      "[625] 666MATHEUSVIN13"
    ],
    "time2": [
      "[285] MaquinaNebulosa",
      "[475] anxietygirls",
      "[435] Evanescente",
      "[15] depressedgirls"
    ],
    "pontosTime1": 1,
    "pontosTime2": 0,
    "data": "2025-05-03T22:49:05.788Z"
  },
  {
    "id": "514861",
    "time1": [
      "[190] safecurity",
      "[135] zmfzl",
      "[30] kyvzo",
      "[0] visaodejogo"
    ],
    "time2": [
      "[490] ajaxnz",
      "[35] lyqro",
      "[0] hq45",
      "[0] mitsubisheclipse"
    ],
    "pontosTime1": 1,
    "pontosTime2": 0,
    "data": "2025-05-04T16:28:44.189Z"
  },
  {
    "id": "514861",
    "time1": [
      "[190] safecurity",
      "[135] zmfzl",
      "[30] kyvzo",
      "[0] visaodejogo"
    ],
    "time2": [
      "[490] ajaxnz",
      "[35] lyqro",
      "[0] hq45",
      "[0] mitsubisheclipse"
    ],
    "pontosTime1": 1,
    "pontosTime2": 0,
    "data": "2025-05-04T16:29:13.129Z"
  },
  {
    "id": "432996",
    "time1": [
      "[190] safecurity",
      "[400] ajaxnzz",
      "[1170] AmiltonPvP",
      "[75] kyvzo"
    ],
    "time2": [
      "[430] anxietygirls",
      "[5] lyqro",
      "[160] iLiter",
      "[225] zmfzl"
    ],
    "pontosTime1": 0,
    "pontosTime2": 1,
    "data": "2025-05-04T17:44:22.965Z"
  },
  {
    "id": "780760",
    "time1": [
      "[90] kyvzo",
      "[15] lyqro",
      "[0] USerBLACKK"
    ],
    "time2": [
      "[60] mitsubisheclipse",
      "[175] safecurity",
      "[405] zmfzl"
    ],
    "pontosTime1": 0,
    "pontosTime2": 1,
    "data": "2025-05-04T17:55:20.980Z"
  },
  {
    "id": "432056",
    "time1": [
      "[105] kyvzo",
      "[0] lyqro",
      "[105] mitsubisheclipse"
    ],
    "time2": [
      "[220] safecurity",
      "[450] zmfzl",
      "[0] USerBLACKK"
    ],
    "pontosTime1": 1,
    "pontosTime2": 0,
    "data": "2025-05-04T18:04:07.865Z"
  },
  {
    "id": "388300",
    "time1": [
      "[165] mitsubisheclipse",
      "[195] kyvzo",
      "[90] lyqro",
      "[450] 666ABNT"
    ],
    "time2": [
      "[1250] AmiltonPvP",
      "[480] oithxeabalar",
      "[0] depressedgirls",
      "[370] ajaxnzz"
    ],
    "pontosTime1": 30,
    "pontosTime2": 0,
    "data": "2025-05-04T19:27:40.165Z"
  },
  {
    "id": "307796",
    "time1": [
      "[190] safecurity",
      "[90] huntingmysoul",
      "[60] VHZX",
      "[345] MaquinaNebulosa"
    ],
    "time2": [
      "[220] iLiter",
      "[400] hersouls",
      "[15] ninexzkkkkj",
      "[235] recriar"
    ],
    "pontosTime1": 1,
    "pontosTime2": 0,
    "data": "2025-05-05T18:28:11.896Z"
  }
]