[
  {
    "userId": "1323325974774939781",
    "strikes": 3
  },
  {
    "userId": "1282766167336943626",
    "strikes": 2
  },
  {
    "userId": "941375286958784542",
    "strikes": 3
  },
  {
    "userId": "1182719037650780221",
    "strikes": 2
  },
  {
    "userId": "1118580622353506395",
    "strikes": 1
  },
  {
    "userId": "1354856386260898023",
    "strikes": 1
  },
  {
    "userId": "1017859880117346425",
    "strikes": 3
  },
  {
    "userId": "908300214782275614",
    "strikes": 3
  },
  {
    "userId": "1285593460656836680",
    "strikes": 3
  },
  {
    "userId": "452572515265544202",
    "strikes": 1
  },
  {
    "userId": "985641376597307473",
    "strikes": 1
  },
  {
    "userId": "1307851736425173014",
    "strikes": 3
  },
  {
    "userId": "1144359738239357020",
    "strikes": 3
  },
  {
    "userId": "1343784857834094652",
    "strikes": 2
  },
  {
    "userId": "1241897584151494778",
    "strikes": 2
  },
  {
    "userId": "1058596950234120252",
    "strikes": 1
  },
  {
    "userId": "464797877957558282",
    "strikes": 1
  },
  {
    "userId": "731622836569112576",
    "strikes": 1
  },
  {
    "userId": "729353033653289061",
    "strikes": 1
  },
  {
    "userId": "887820464368533515",
    "strikes": 1
  },
  {
    "userId": "1316358293727481876",
    "strikes": 1
  },
  {
    "userId": "1363936038011011333",
    "strikes": 1
  },
  {
    "userId": "1041917891324432488",
    "strikes": 1
  },
  {
    "userId": "1324032499558518865",
    "strikes": 3
  },
  {
    "userId": "382481032340832256",
    "strikes": 3
  },
  {
    "userId": "921139530055155773",
    "strikes": 2
  },
  {
    "userId": "1306082159567700028",
    "strikes": 1
  },
  {
    "userId": "803283366526976050",
    "strikes": 2
  },
  {
    "userId": "616766962906693663",
    "strikes": 1
  },
  {
    "userId": "1196886091802873957",
    "strikes": 2
  },
  {
    "userId": "923626243012849685",
    "strikes": 1
  }
]